"https://images-eu.ssl-images-amazon.com/images/I/91BixfRWzXS._AC_UL200_SR200,200_.jpg"
"https://images-eu.ssl-images-amazon.com/images/I/91BixfRWzXS._AC_UL200_SR200,200_.jpg"
"https://images-eu.ssl-images-amazon.com/images/I/91BixfRWzXS._AC_UL200_SR200,200_.jpg"
"https://images-eu.ssl-images-amazon.com/images/I/91BixfRWzXS._AC_UL200_SR200,200_.jpg"
"https://images-eu.ssl-images-amazon.com/images/I/91BixfRWzXS._AC_UL200_SR200,200_.jpg"
"https://images-eu.ssl-images-amazon.com/images/I/91BixfRWzXS._AC_UL200_SR200,200_.jpg"
"https://images-eu.ssl-images-amazon.com/images/I/91BixfRWzXS._AC_UL200_SR200,200_.jpg"
"https://images-eu.ssl-images-amazon.com/images/I/91BixfRWzXS._AC_UL200_SR200,200_.jpg"
"https://images-eu.ssl-images-amazon.com/images/I/91BixfRWzXS._AC_UL200_SR200,200_.jpg"
"https://images-eu.ssl-images-amazon.com/images/I/91BixfRWzXS._AC_UL200_SR200,200_.jpg"
"https://images-eu.ssl-images-amazon.com/images/I/91BixfRWzXS._AC_UL200_SR200,200_.jpg"
"https://images-eu.ssl-images-amazon.com/images/I/91BixfRWzXS._AC_UL200_SR200,200_.jpg"
"https://images-eu.ssl-images-amazon.com/images/I/91BixfRWzXS._AC_UL200_SR200,200_.jpg"
"https://images-eu.ssl-images-amazon.com/images/I/91BixfRWzXS._AC_UL200_SR200,200_.jpg"
"https://images-eu.ssl-images-amazon.com/images/I/91BixfRWzXS._AC_UL200_SR200,200_.jpg"
"https://images-eu.ssl-images-amazon.com/images/I/91BixfRWzXS._AC_UL200_SR200,200_.jpg"
"https://images-eu.ssl-images-amazon.com/images/I/91BixfRWzXS._AC_UL200_SR200,200_.jpg"
"https://images-eu.ssl-images-amazon.com/images/I/91BixfRWzXS._AC_UL200_SR200,200_.jpg"
"https://images-eu.ssl-images-amazon.com/images/I/91BixfRWzXS._AC_UL200_SR200,200_.jpg"
"https://images-eu.ssl-images-amazon.com/images/I/91BixfRWzXS._AC_UL200_SR200,200_.jpg"
"https://images-eu.ssl-images-amazon.com/images/I/91BixfRWzXS._AC_UL200_SR200,200_.jpg"
"https://images-eu.ssl-images-amazon.com/images/I/91BixfRWzXS._AC_UL200_SR200,200_.jpg"
"https://images-eu.ssl-images-amazon.com/images/I/91BixfRWzXS._AC_UL200_SR200,200_.jpg"
"https://images-eu.ssl-images-amazon.com/images/I/91BixfRWzXS._AC_UL200_SR200,200_.jpg"
"https://images-eu.ssl-images-amazon.com/images/I/91BixfRWzXS._AC_UL200_SR200,200_.jpg"
"https://images-eu.ssl-images-amazon.com/images/I/91BixfRWzXS._AC_UL200_SR200,200_.jpg"
"https://images-eu.ssl-images-amazon.com/images/I/91BixfRWzXS._AC_UL200_SR200,200_.jpg"
"https://images-eu.ssl-images-amazon.com/images/I/91BixfRWzXS._AC_UL200_SR200,200_.jpg"
"https://images-eu.ssl-images-amazon.com/images/I/91BixfRWzXS._AC_UL200_SR200,200_.jpg"
"https://images-eu.ssl-images-amazon.com/images/I/91BixfRWzXS._AC_UL200_SR200,200_.jpg"
"https://images-eu.ssl-images-amazon.com/images/I/91BixfRWzXS._AC_UL200_SR200,200_.jpg"
"https://images-eu.ssl-images-amazon.com/images/I/91BixfRWzXS._AC_UL200_SR200,200_.jpg"
"https://images-eu.ssl-images-amazon.com/images/I/91BixfRWzXS._AC_UL200_SR200,200_.jpg"
"https://images-eu.ssl-images-amazon.com/images/I/91BixfRWzXS._AC_UL200_SR200,200_.jpg"
"https://images-eu.ssl-images-amazon.com/images/I/91BixfRWzXS._AC_UL200_SR200,200_.jpg"
"https://images-eu.ssl-images-amazon.com/images/I/91BixfRWzXS._AC_UL200_SR200,200_.jpg"
"https://images-eu.ssl-images-amazon.com/images/I/91BixfRWzXS._AC_UL200_SR200,200_.jpg"
"https://images-eu.ssl-images-amazon.com/images/I/91BixfRWzXS._AC_UL200_SR200,200_.jpg"
"https://images-eu.ssl-images-amazon.com/images/I/91BixfRWzXS._AC_UL200_SR200,200_.jpg"
"https://images-eu.ssl-images-amazon.com/images/I/91BixfRWzXS._AC_UL200_SR200,200_.jpg"
"https://images-eu.ssl-images-amazon.com/images/I/91BixfRWzXS._AC_UL200_SR200,200_.jpg"
"https://images-eu.ssl-images-amazon.com/images/I/91BixfRWzXS._AC_UL200_SR200,200_.jpg"
"https://images-eu.ssl-images-amazon.com/images/I/91BixfRWzXS._AC_UL200_SR200,200_.jpg"
"https://images-eu.ssl-images-amazon.com/images/I/91BixfRWzXS._AC_UL200_SR200,200_.jpg"
"https://images-eu.ssl-images-amazon.com/images/I/91BixfRWzXS._AC_UL200_SR200,200_.jpg"
"https://images-eu.ssl-images-amazon.com/images/I/91BixfRWzXS._AC_UL200_SR200,200_.jpg"
"https://images-eu.ssl-images-amazon.com/images/I/91BixfRWzXS._AC_UL200_SR200,200_.jpg"
"https://images-eu.ssl-images-amazon.com/images/I/91BixfRWzXS._AC_UL200_SR200,200_.jpg"
"https://images-eu.ssl-images-amazon.com/images/I/91BixfRWzXS._AC_UL200_SR200,200_.jpg"
"https://images-eu.ssl-images-amazon.com/images/I/91BixfRWzXS._AC_UL200_SR200,200_.jpg"
"https://images-eu.ssl-images-amazon.com/images/I/71%2B3qmU3VNL._AC_UL200_SR200,200_.jpg"
"https://images-eu.ssl-images-amazon.com/images/I/71%2B3qmU3VNL._AC_UL200_SR200,200_.jpg"
"https://images-eu.ssl-images-amazon.com/images/I/71%2B3qmU3VNL._AC_UL200_SR200,200_.jpg"
"https://images-eu.ssl-images-amazon.com/images/I/71%2B3qmU3VNL._AC_UL200_SR200,200_.jpg"
"https://images-eu.ssl-images-amazon.com/images/I/71%2B3qmU3VNL._AC_UL200_SR200,200_.jpg"
"https://images-eu.ssl-images-amazon.com/images/I/71%2B3qmU3VNL._AC_UL200_SR200,200_.jpg"
"https://images-eu.ssl-images-amazon.com/images/I/71%2B3qmU3VNL._AC_UL200_SR200,200_.jpg"
"https://images-eu.ssl-images-amazon.com/images/I/71%2B3qmU3VNL._AC_UL200_SR200,200_.jpg"
"https://images-eu.ssl-images-amazon.com/images/I/71%2B3qmU3VNL._AC_UL200_SR200,200_.jpg"
"https://images-eu.ssl-images-amazon.com/images/I/71%2B3qmU3VNL._AC_UL200_SR200,200_.jpg"
"https://images-eu.ssl-images-amazon.com/images/I/71%2B3qmU3VNL._AC_UL200_SR200,200_.jpg"
"https://images-eu.ssl-images-amazon.com/images/I/71%2B3qmU3VNL._AC_UL200_SR200,200_.jpg"
"https://images-eu.ssl-images-amazon.com/images/I/71%2B3qmU3VNL._AC_UL200_SR200,200_.jpg"
"https://images-eu.ssl-images-amazon.com/images/I/71%2B3qmU3VNL._AC_UL200_SR200,200_.jpg"
"https://images-eu.ssl-images-amazon.com/images/I/71%2B3qmU3VNL._AC_UL200_SR200,200_.jpg"
"https://images-eu.ssl-images-amazon.com/images/I/71%2B3qmU3VNL._AC_UL200_SR200,200_.jpg"
"https://images-eu.ssl-images-amazon.com/images/I/71%2B3qmU3VNL._AC_UL200_SR200,200_.jpg"
"https://images-eu.ssl-images-amazon.com/images/I/71%2B3qmU3VNL._AC_UL200_SR200,200_.jpg"
"https://images-eu.ssl-images-amazon.com/images/I/71%2B3qmU3VNL._AC_UL200_SR200,200_.jpg"
"https://images-eu.ssl-images-amazon.com/images/I/71%2B3qmU3VNL._AC_UL200_SR200,200_.jpg"
"https://images-eu.ssl-images-amazon.com/images/I/71%2B3qmU3VNL._AC_UL200_SR200,200_.jpg"
"https://images-eu.ssl-images-amazon.com/images/I/71%2B3qmU3VNL._AC_UL200_SR200,200_.jpg"
"https://images-eu.ssl-images-amazon.com/images/I/71%2B3qmU3VNL._AC_UL200_SR200,200_.jpg"
"https://images-eu.ssl-images-amazon.com/images/I/71%2B3qmU3VNL._AC_UL200_SR200,200_.jpg"
"https://images-eu.ssl-images-amazon.com/images/I/71%2B3qmU3VNL._AC_UL200_SR200,200_.jpg"
"https://images-eu.ssl-images-amazon.com/images/I/71%2B3qmU3VNL._AC_UL200_SR200,200_.jpg"
"https://images-eu.ssl-images-amazon.com/images/I/71%2B3qmU3VNL._AC_UL200_SR200,200_.jpg"
"https://images-eu.ssl-images-amazon.com/images/I/71%2B3qmU3VNL._AC_UL200_SR200,200_.jpg"
"https://images-eu.ssl-images-amazon.com/images/I/71%2B3qmU3VNL._AC_UL200_SR200,200_.jpg"
"https://images-eu.ssl-images-amazon.com/images/I/71%2B3qmU3VNL._AC_UL200_SR200,200_.jpg"
"https://images-eu.ssl-images-amazon.com/images/I/71%2B3qmU3VNL._AC_UL200_SR200,200_.jpg"
"https://images-eu.ssl-images-amazon.com/images/I/71%2B3qmU3VNL._AC_UL200_SR200,200_.jpg"
"https://images-eu.ssl-images-amazon.com/images/I/71%2B3qmU3VNL._AC_UL200_SR200,200_.jpg"
"https://images-eu.ssl-images-amazon.com/images/I/71%2B3qmU3VNL._AC_UL200_SR200,200_.jpg"
"https://images-eu.ssl-images-amazon.com/images/I/71%2B3qmU3VNL._AC_UL200_SR200,200_.jpg"
"https://images-eu.ssl-images-amazon.com/images/I/71%2B3qmU3VNL._AC_UL200_SR200,200_.jpg"
"https://images-eu.ssl-images-amazon.com/images/I/71%2B3qmU3VNL._AC_UL200_SR200,200_.jpg"
"https://images-eu.ssl-images-amazon.com/images/I/71%2B3qmU3VNL._AC_UL200_SR200,200_.jpg"
"https://images-eu.ssl-images-amazon.com/images/I/71%2B3qmU3VNL._AC_UL200_SR200,200_.jpg"
"https://images-eu.ssl-images-amazon.com/images/I/71%2B3qmU3VNL._AC_UL200_SR200,200_.jpg"
"https://images-eu.ssl-images-amazon.com/images/I/71%2B3qmU3VNL._AC_UL200_SR200,200_.jpg"
"https://images-eu.ssl-images-amazon.com/images/I/71%2B3qmU3VNL._AC_UL200_SR200,200_.jpg"
"https://images-eu.ssl-images-amazon.com/images/I/71%2B3qmU3VNL._AC_UL200_SR200,200_.jpg"
"https://images-eu.ssl-images-amazon.com/images/I/71%2B3qmU3VNL._AC_UL200_SR200,200_.jpg"
"https://images-eu.ssl-images-amazon.com/images/I/71%2B3qmU3VNL._AC_UL200_SR200,200_.jpg"
"https://images-eu.ssl-images-amazon.com/images/I/71%2B3qmU3VNL._AC_UL200_SR200,200_.jpg"
"https://images-eu.ssl-images-amazon.com/images/I/71%2B3qmU3VNL._AC_UL200_SR200,200_.jpg"
"https://images-eu.ssl-images-amazon.com/images/I/71%2B3qmU3VNL._AC_UL200_SR200,200_.jpg"
"https://images-eu.ssl-images-amazon.com/images/I/71%2B3qmU3VNL._AC_UL200_SR200,200_.jpg"
"https://images-eu.ssl-images-amazon.com/images/I/71%2B3qmU3VNL._AC_UL200_SR200,200_.jpg"
